GEOID,County,Tract,MedHHInc,moe
13057090100,Cherokee County,Census Tract 901,74284,6765
13057090200,Cherokee County,Census Tract 902,89522,19169
13057090300,Cherokee County,Census Tract 903,84120,5847
13057090400,Cherokee County,Census Tract 904,46118,6363
13057090501,Cherokee County,Census Tract 905.01,91726,18477
13057090502,Cherokee County,Census Tract 905.02,126988,11467
13057090601,Cherokee County,Census Tract 906.01,54676,6872
13057090602,Cherokee County,Census Tract 906.02,70282,14906
13057090701,Cherokee County,Census Tract 907.01,90392,12170
13057090702,Cherokee County,Census Tract 907.02,72299,9468
13057090802,Cherokee County,Census Tract 908.02,100536,7599
13057090803,Cherokee County,Census Tract 908.03,103239,11734
13057090804,Cherokee County,Census Tract 908.04,97135,15456
13057090901,Cherokee County,Census Tract 909.01,105368,7997
13057090902,Cherokee County,Census Tract 909.02,90045,14096
13057090904,Cherokee County,Census Tract 909.04,64873,21301
13057090905,Cherokee County,Census Tract 909.05,63723,9518
13057091001,Cherokee County,Census Tract 910.01,53031,8003
13057091003,Cherokee County,Census Tract 910.03,50705,11139
13057091005,Cherokee County,Census Tract 910.05,66288,18254
13057091006,Cherokee County,Census Tract 910.06,111574,6600
13057091007,Cherokee County,Census Tract 910.07,103387,13375
13057091008,Cherokee County,Census Tract 910.08,91549,6592
13057091101,Cherokee County,Census Tract 911.01,88310,8401
13057091102,Cherokee County,Census Tract 911.02,74137,7723
13057091103,Cherokee County,Census Tract 911.03,73997,13542
13063040202,Clayton County,Census Tract 402.02,33276,7894
13063040203,Clayton County,Census Tract 402.03,39656,5392
13063040204,Clayton County,Census Tract 402.04,42169,4263
13063040302,Clayton County,Census Tract 403.02,35301,3801
13063040303,Clayton County,Census Tract 403.03,38023,9440
13063040306,Clayton County,Census Tract 403.06,35434,16467
13063040307,Clayton County,Census Tract 403.07,41083,16154
13063040308,Clayton County,Census Tract 403.08,28422,3428
13063040407,Clayton County,Census Tract 404.07,49271,3289
13063040408,Clayton County,Census Tract 404.08,44551,9382
13063040409,Clayton County,Census Tract 404.09,49519,5770
13063040410,Clayton County,Census Tract 404.10,49719,13336
13063040411,Clayton County,Census Tract 404.11,57924,10019
13063040412,Clayton County,Census Tract 404.12,46530,12716
13063040413,Clayton County,Census Tract 404.13,54265,10320
13063040414,Clayton County,Census Tract 404.14,40313,8257
13063040415,Clayton County,Census Tract 404.15,31851,7472
13063040416,Clayton County,Census Tract 404.16,53750,14163
13063040417,Clayton County,Census Tract 404.17,40231,5192
13063040509,Clayton County,Census Tract 405.09,64849,6209
13063040510,Clayton County,Census Tract 405.10,49265,14429
13063040512,Clayton County,Census Tract 405.12,41016,10897
13063040513,Clayton County,Census Tract 405.13,63980,13608
13063040514,Clayton County,Census Tract 405.14,43905,2526
13063040515,Clayton County,Census Tract 405.15,38977,10316
13063040516,Clayton County,Census Tract 405.16,56328,8377
13063040518,Clayton County,Census Tract 405.18,43841,5081
13063040519,Clayton County,Census Tract 405.19,33934,2626
13063040520,Clayton County,Census Tract 405.20,37731,3408
13063040521,Clayton County,Census Tract 405.21,45682,15502
13063040522,Clayton County,Census Tract 405.22,38917,3998
13063040523,Clayton County,Census Tract 405.23,41688,7968
13063040524,Clayton County,Census Tract 405.24,48433,5255
13063040525,Clayton County,Census Tract 405.25,42925,5382
13063040526,Clayton County,Census Tract 405.26,54334,5229
13063040606,Clayton County,Census Tract 406.06,45800,5610
13063040608,Clayton County,Census Tract 406.08,68047,3059
13063040609,Clayton County,Census Tract 406.09,58750,8851
13063040611,Clayton County,Census Tract 406.11,40995,12385
13063040612,Clayton County,Census Tract 406.12,34517,3638
13063040613,Clayton County,Census Tract 406.13,75135,13622
13063040614,Clayton County,Census Tract 406.14,95603,26168
13063040615,Clayton County,Census Tract 406.15,62153,16097
13063040616,Clayton County,Census Tract 406.16,58379,7167
13063040617,Clayton County,Census Tract 406.17,33359,4481
13063040619,Clayton County,Census Tract 406.19,66216,13183
13063040620,Clayton County,Census Tract 406.20,72700,13865
13063040621,Clayton County,Census Tract 406.21,62705,10546
13063040622,Clayton County,Census Tract 406.22,51672,5710
13063980000,Clayton County,Census Tract 9800,NA,NA
13067030101,Cobb County,Census Tract 301.01,89819,12119
13067030103,Cobb County,Census Tract 301.03,89863,8501
13067030104,Cobb County,Census Tract 301.04,52119,9622
13067030106,Cobb County,Census Tract 301.06,64326,7058
13067030107,Cobb County,Census Tract 301.07,100857,11950
13067030209,Cobb County,Census Tract 302.09,110000,24550
13067030214,Cobb County,Census Tract 302.14,90469,16836
13067030215,Cobb County,Census Tract 302.15,75463,4252
13067030218,Cobb County,Census Tract 302.18,147696,13089
13067030219,Cobb County,Census Tract 302.19,121469,18157
13067030220,Cobb County,Census Tract 302.20,91838,14441
13067030222,Cobb County,Census Tract 302.22,111122,11813
13067030223,Cobb County,Census Tract 302.23,76559,11322
13067030224,Cobb County,Census Tract 302.24,84429,9758
13067030226,Cobb County,Census Tract 302.26,85264,13816
13067030227,Cobb County,Census Tract 302.27,65673,7348
13067030228,Cobb County,Census Tract 302.28,50172,6936
13067030229,Cobb County,Census Tract 302.29,67768,18763
13067030230,Cobb County,Census Tract 302.30,79243,6708
13067030231,Cobb County,Census Tract 302.31,109602,9401
13067030232,Cobb County,Census Tract 302.32,108375,12344
13067030233,Cobb County,Census Tract 302.33,102868,12381
13067030234,Cobb County,Census Tract 302.34,118810,3668
13067030235,Cobb County,Census Tract 302.35,105819,20108
13067030236,Cobb County,Census Tract 302.36,145938,15716
13067030238,Cobb County,Census Tract 302.38,113047,15835
13067030239,Cobb County,Census Tract 302.39,131750,15893
13067030310,Cobb County,Census Tract 303.10,78692,10880
13067030311,Cobb County,Census Tract 303.11,85197,15959
13067030312,Cobb County,Census Tract 303.12,70437,9959
13067030313,Cobb County,Census Tract 303.13,94408,18099
13067030314,Cobb County,Census Tract 303.14,109192,16099
13067030318,Cobb County,Census Tract 303.18,150164,12066
13067030319,Cobb County,Census Tract 303.19,98938,11722
13067030320,Cobb County,Census Tract 303.20,95114,18482
13067030322,Cobb County,Census Tract 303.22,103639,4976
13067030324,Cobb County,Census Tract 303.24,101250,17352
13067030326,Cobb County,Census Tract 303.26,156037,17479
13067030327,Cobb County,Census Tract 303.27,115223,10230
13067030328,Cobb County,Census Tract 303.28,136076,8685
13067030329,Cobb County,Census Tract 303.29,107072,10138
13067030330,Cobb County,Census Tract 303.30,126546,14599
13067030331,Cobb County,Census Tract 303.31,115375,11320
13067030332,Cobb County,Census Tract 303.32,133646,23416
13067030333,Cobb County,Census Tract 303.33,140345,8654
13067030334,Cobb County,Census Tract 303.34,123966,10353
13067030335,Cobb County,Census Tract 303.35,153889,20369
13067030336,Cobb County,Census Tract 303.36,180536,21390
13067030337,Cobb County,Census Tract 303.37,169188,25983
13067030339,Cobb County,Census Tract 303.39,75532,10580
13067030340,Cobb County,Census Tract 303.40,160750,19618
13067030341,Cobb County,Census Tract 303.41,121167,18630
13067030342,Cobb County,Census Tract 303.42,123281,19088
13067030343,Cobb County,Census Tract 303.43,127375,14665
13067030344,Cobb County,Census Tract 303.44,49206,2858
13067030345,Cobb County,Census Tract 303.45,71676,7438
13067030405,Cobb County,Census Tract 304.05,49406,10244
13067030407,Cobb County,Census Tract 304.07,74196,18889
13067030408,Cobb County,Census Tract 304.08,77577,6605
13067030409,Cobb County,Census Tract 304.09,120156,21391
13067030410,Cobb County,Census Tract 304.10,67993,10812
13067030411,Cobb County,Census Tract 304.11,38994,7183
13067030412,Cobb County,Census Tract 304.12,46094,9743
13067030413,Cobb County,Census Tract 304.13,50325,8584
13067030414,Cobb County,Census Tract 304.14,44578,5690
13067030502,Cobb County,Census Tract 305.02,96667,10762
13067030504,Cobb County,Census Tract 305.04,83611,16421
13067030505,Cobb County,Census Tract 305.05,51744,6712
13067030506,Cobb County,Census Tract 305.06,65259,5040
13067030507,Cobb County,Census Tract 305.07,84545,7917
13067030601,Cobb County,Census Tract 306.01,66991,12495
13067030602,Cobb County,Census Tract 306.02,92684,21719
13067030700,Cobb County,Census Tract 307,45298,12712
13067030800,Cobb County,Census Tract 308,54205,7763
13067030901,Cobb County,Census Tract 309.01,78655,6949
13067030902,Cobb County,Census Tract 309.02,63838,7332
13067030904,Cobb County,Census Tract 309.04,43158,3182
13067030905,Cobb County,Census Tract 309.05,69261,12766
13067031001,Cobb County,Census Tract 310.01,29016,4629
13067031002,Cobb County,Census Tract 310.02,36536,2979
13067031004,Cobb County,Census Tract 310.04,44507,5270
13067031005,Cobb County,Census Tract 310.05,70771,5249
13067031101,Cobb County,Census Tract 311.01,59093,6657
13067031106,Cobb County,Census Tract 311.06,76182,8352
13067031108,Cobb County,Census Tract 311.08,57610,7617
13067031110,Cobb County,Census Tract 311.10,66154,20921
13067031111,Cobb County,Census Tract 311.11,86115,14139
13067031112,Cobb County,Census Tract 311.12,101548,25438
13067031113,Cobb County,Census Tract 311.13,45917,4498
13067031114,Cobb County,Census Tract 311.14,56370,7150
13067031115,Cobb County,Census Tract 311.15,75123,5996
13067031116,Cobb County,Census Tract 311.16,50054,9996
13067031117,Cobb County,Census Tract 311.17,90967,7947
13067031118,Cobb County,Census Tract 311.18,84936,12651
13067031205,Cobb County,Census Tract 312.05,87910,11507
13067031206,Cobb County,Census Tract 312.06,79192,7404
13067031207,Cobb County,Census Tract 312.07,78977,8155
13067031208,Cobb County,Census Tract 312.08,73611,6954
13067031209,Cobb County,Census Tract 312.09,149583,13284
13067031211,Cobb County,Census Tract 312.11,82330,11047
13067031212,Cobb County,Census Tract 312.12,184000,51248
13067031306,Cobb County,Census Tract 313.06,78824,23964
13067031307,Cobb County,Census Tract 313.07,84342,10641
13067031308,Cobb County,Census Tract 313.08,53227,8640
13067031309,Cobb County,Census Tract 313.09,52960,4793
13067031310,Cobb County,Census Tract 313.10,38231,3066
13067031311,Cobb County,Census Tract 313.11,44250,8128
13067031312,Cobb County,Census Tract 313.12,86808,17937
13067031313,Cobb County,Census Tract 313.13,117366,11851
13067031404,Cobb County,Census Tract 314.04,78671,6908
13067031405,Cobb County,Census Tract 314.05,58530,8388
13067031406,Cobb County,Census Tract 314.06,45363,15912
13067031408,Cobb County,Census Tract 314.08,57975,17131
13067031409,Cobb County,Census Tract 314.09,58739,3323
13067031503,Cobb County,Census Tract 315.03,65530,10254
13067031505,Cobb County,Census Tract 315.05,72940,6616
13067031506,Cobb County,Census Tract 315.06,56458,15670
13067031507,Cobb County,Census Tract 315.07,68688,23932
13067031508,Cobb County,Census Tract 315.08,72361,6636
13067031509,Cobb County,Census Tract 315.09,81583,13803
13089020100,DeKalb County,Census Tract 201,170096,32241
13089020200,DeKalb County,Census Tract 202,84867,7158
13089020300,DeKalb County,Census Tract 203,147614,16020
13089020400,DeKalb County,Census Tract 204,106103,17835
13089020500,DeKalb County,Census Tract 205,65694,19701
13089020600,DeKalb County,Census Tract 206,63313,16471
13089020700,DeKalb County,Census Tract 207,95417,23915
13089020801,DeKalb County,Census Tract 208.01,94662,8453
13089020802,DeKalb County,Census Tract 208.02,73981,16256
13089020900,DeKalb County,Census Tract 209,71618,15977
13089021101,DeKalb County,Census Tract 211.01,166563,27335
13089021102,DeKalb County,Census Tract 211.02,110504,20795
13089021202,DeKalb County,Census Tract 212.02,127957,25731
13089021204,DeKalb County,Census Tract 212.04,28242,1896
13089021208,DeKalb County,Census Tract 212.08,74922,10904
13089021209,DeKalb County,Census Tract 212.09,80692,14352
13089021210,DeKalb County,Census Tract 212.10,168967,15434
13089021211,DeKalb County,Census Tract 212.11,106389,10174
13089021213,DeKalb County,Census Tract 212.13,154063,19674
13089021214,DeKalb County,Census Tract 212.14,172279,40761
13089021215,DeKalb County,Census Tract 212.15,100348,8960
13089021216,DeKalb County,Census Tract 212.16,86828,11967
13089021217,DeKalb County,Census Tract 212.17,106216,6825
13089021218,DeKalb County,Census Tract 212.18,60254,5222
13089021301,DeKalb County,Census Tract 213.01,46667,9667
13089021303,DeKalb County,Census Tract 213.03,43309,9890
13089021305,DeKalb County,Census Tract 213.05,55109,4607
13089021306,DeKalb County,Census Tract 213.06,50118,4384
13089021307,DeKalb County,Census Tract 213.07,50362,8637
13089021308,DeKalb County,Census Tract 213.08,52813,15715
13089021405,DeKalb County,Census Tract 214.05,126644,25008
13089021409,DeKalb County,Census Tract 214.09,50666,6117
13089021410,DeKalb County,Census Tract 214.10,62951,8199
13089021411,DeKalb County,Census Tract 214.11,92404,25845
13089021412,DeKalb County,Census Tract 214.12,115759,18832
13089021413,DeKalb County,Census Tract 214.13,47885,10004
13089021414,DeKalb County,Census Tract 214.14,53222,5838
13089021415,DeKalb County,Census Tract 214.15,111827,13866
13089021416,DeKalb County,Census Tract 214.16,108203,17732
13089021417,DeKalb County,Census Tract 214.17,54575,6345
13089021502,DeKalb County,Census Tract 215.02,72537,19633
13089021503,DeKalb County,Census Tract 215.03,57381,8392
13089021504,DeKalb County,Census Tract 215.04,77708,17587
13089021602,DeKalb County,Census Tract 216.02,85417,13403
13089021603,DeKalb County,Census Tract 216.03,66425,10788
13089021604,DeKalb County,Census Tract 216.04,159306,38073
13089021605,DeKalb County,Census Tract 216.05,82454,12352
13089021703,DeKalb County,Census Tract 217.03,149306,13011
13089021704,DeKalb County,Census Tract 217.04,105033,25566
13089021705,DeKalb County,Census Tract 217.05,42679,7101
13089021706,DeKalb County,Census Tract 217.06,88778,9321
13089021805,DeKalb County,Census Tract 218.05,76066,6964
13089021806,DeKalb County,Census Tract 218.06,68216,14831
13089021808,DeKalb County,Census Tract 218.08,85543,10762
13089021809,DeKalb County,Census Tract 218.09,99337,17079
13089021810,DeKalb County,Census Tract 218.10,74539,8807
13089021812,DeKalb County,Census Tract 218.12,72935,8057
13089021813,DeKalb County,Census Tract 218.13,44883,4277
13089021814,DeKalb County,Census Tract 218.14,39085,6454
13089021906,DeKalb County,Census Tract 219.06,46448,4613
13089021907,DeKalb County,Census Tract 219.07,55048,4557
13089021908,DeKalb County,Census Tract 219.08,36250,13329
13089021909,DeKalb County,Census Tract 219.09,37269,5566
13089021910,DeKalb County,Census Tract 219.10,42305,11960
13089021911,DeKalb County,Census Tract 219.11,27835,5106
13089021912,DeKalb County,Census Tract 219.12,164926,23803
13089021913,DeKalb County,Census Tract 219.13,32983,3760
13089022001,DeKalb County,Census Tract 220.01,66638,4857
13089022004,DeKalb County,Census Tract 220.04,53341,6232
13089022005,DeKalb County,Census Tract 220.05,39266,5070
13089022007,DeKalb County,Census Tract 220.07,39216,4422
13089022008,DeKalb County,Census Tract 220.08,32672,4687
13089022009,DeKalb County,Census Tract 220.09,41042,9678
13089022010,DeKalb County,Census Tract 220.10,59583,8968
13089022100,DeKalb County,Census Tract 221,44135,11703
13089022203,DeKalb County,Census Tract 222.03,66731,8214
13089022204,DeKalb County,Census Tract 222.04,68523,9434
13089022301,DeKalb County,Census Tract 223.01,73819,13186
13089022302,DeKalb County,Census Tract 223.02,89146,10069
13089022401,DeKalb County,Census Tract 224.01,110775,11426
13089022402,DeKalb County,Census Tract 224.02,32083,13448
13089022403,DeKalb County,Census Tract 224.03,174531,33460
13089022500,DeKalb County,Census Tract 225,90648,22686
13089022600,DeKalb County,Census Tract 226,82131,7687
13089022700,DeKalb County,Census Tract 227,136324,17338
13089022800,DeKalb County,Census Tract 228,136711,23494
13089022900,DeKalb County,Census Tract 229,79400,11153
13089023000,DeKalb County,Census Tract 230,83021,13612
13089023101,DeKalb County,Census Tract 231.01,56487,10191
13089023102,DeKalb County,Census Tract 231.02,39961,4341
13089023107,DeKalb County,Census Tract 231.07,51222,15107
13089023108,DeKalb County,Census Tract 231.08,32258,2839
13089023111,DeKalb County,Census Tract 231.11,62969,16463
13089023112,DeKalb County,Census Tract 231.12,29786,4326
13089023113,DeKalb County,Census Tract 231.13,40542,15177
13089023114,DeKalb County,Census Tract 231.14,51105,3293
13089023115,DeKalb County,Census Tract 231.15,NA,NA
13089023204,DeKalb County,Census Tract 232.04,56263,8769
13089023206,DeKalb County,Census Tract 232.06,43190,10842
13089023208,DeKalb County,Census Tract 232.08,41216,3509
13089023209,DeKalb County,Census Tract 232.09,59983,10992
13089023210,DeKalb County,Census Tract 232.10,33682,10287
13089023211,DeKalb County,Census Tract 232.11,49980,7643
13089023212,DeKalb County,Census Tract 232.12,60033,6374
13089023213,DeKalb County,Census Tract 232.13,42517,9056
13089023214,DeKalb County,Census Tract 232.14,48150,10615
13089023303,DeKalb County,Census Tract 233.03,48638,2605
13089023306,DeKalb County,Census Tract 233.06,74544,9928
13089023309,DeKalb County,Census Tract 233.09,46509,7912
13089023310,DeKalb County,Census Tract 233.10,40830,7435
13089023311,DeKalb County,Census Tract 233.11,82019,15016
13089023312,DeKalb County,Census Tract 233.12,72651,10459
13089023313,DeKalb County,Census Tract 233.13,55143,5672
13089023314,DeKalb County,Census Tract 233.14,53858,2829
13089023315,DeKalb County,Census Tract 233.15,77260,5876
13089023316,DeKalb County,Census Tract 233.16,69120,5109
13089023410,DeKalb County,Census Tract 234.10,34132,3875
13089023411,DeKalb County,Census Tract 234.11,42606,5187
13089023412,DeKalb County,Census Tract 234.12,52180,7563
13089023413,DeKalb County,Census Tract 234.13,70811,8482
13089023414,DeKalb County,Census Tract 234.14,69542,12791
13089023416,DeKalb County,Census Tract 234.16,59340,7953
13089023418,DeKalb County,Census Tract 234.18,51555,9135
13089023419,DeKalb County,Census Tract 234.19,69087,6849
13089023421,DeKalb County,Census Tract 234.21,43165,9105
13089023422,DeKalb County,Census Tract 234.22,66552,11456
13089023423,DeKalb County,Census Tract 234.23,80858,5858
13089023424,DeKalb County,Census Tract 234.24,64375,12181
13089023425,DeKalb County,Census Tract 234.25,73652,21294
13089023426,DeKalb County,Census Tract 234.26,74083,19539
13089023427,DeKalb County,Census Tract 234.27,62969,14126
13089023428,DeKalb County,Census Tract 234.28,39408,6863
13089023501,DeKalb County,Census Tract 235.01,32000,12573
13089023504,DeKalb County,Census Tract 235.04,35611,9097
13089023505,DeKalb County,Census Tract 235.05,38231,3968
13089023506,DeKalb County,Census Tract 235.06,45924,13793
13089023507,DeKalb County,Census Tract 235.07,47012,5825
13089023601,DeKalb County,Census Tract 236.01,72303,16421
13089023602,DeKalb County,Census Tract 236.02,43100,7607
13089023603,DeKalb County,Census Tract 236.03,38156,5091
13089023700,DeKalb County,Census Tract 237,47712,11888
13089023801,DeKalb County,Census Tract 238.01,81103,11921
13089023802,DeKalb County,Census Tract 238.02,44676,7113
13089023803,DeKalb County,Census Tract 238.03,56821,12057
13089980000,DeKalb County,Census Tract 9800,NA,NA
13117130101,Forsyth County,Census Tract 1301.01,92500,19836
13117130102,Forsyth County,Census Tract 1301.02,83125,9054
13117130103,Forsyth County,Census Tract 1301.03,74773,9791
13117130104,Forsyth County,Census Tract 1301.04,88854,6214
13117130105,Forsyth County,Census Tract 1301.05,45083,9176
13117130201,Forsyth County,Census Tract 1302.01,98111,6015
13117130202,Forsyth County,Census Tract 1302.02,114572,17771
13117130203,Forsyth County,Census Tract 1302.03,90221,11403
13117130204,Forsyth County,Census Tract 1302.04,74055,19603
13117130205,Forsyth County,Census Tract 1302.05,73409,10713
13117130301,Forsyth County,Census Tract 1303.01,117995,11750
13117130302,Forsyth County,Census Tract 1303.02,128869,18704
13117130303,Forsyth County,Census Tract 1303.03,92988,8575
13117130304,Forsyth County,Census Tract 1303.04,132813,19583
13117130305,Forsyth County,Census Tract 1303.05,118513,5109
13117130306,Forsyth County,Census Tract 1303.06,124886,11910
13117130307,Forsyth County,Census Tract 1303.07,113919,12009
13117130403,Forsyth County,Census Tract 1304.03,73750,14033
13117130404,Forsyth County,Census Tract 1304.04,145000,15134
13117130405,Forsyth County,Census Tract 1304.05,113833,16395
13117130406,Forsyth County,Census Tract 1304.06,78486,8695
13117130408,Forsyth County,Census Tract 1304.08,63000,12420
13117130409,Forsyth County,Census Tract 1304.09,66000,7109
13117130410,Forsyth County,Census Tract 1304.10,47813,8746
13117130503,Forsyth County,Census Tract 1305.03,109643,13888
13117130504,Forsyth County,Census Tract 1305.04,79653,11988
13117130505,Forsyth County,Census Tract 1305.05,92805,21579
13117130506,Forsyth County,Census Tract 1305.06,93750,15747
13117130507,Forsyth County,Census Tract 1305.07,78352,16362
13117130508,Forsyth County,Census Tract 1305.08,129375,11906
13117130509,Forsyth County,Census Tract 1305.09,92770,17425
13117130510,Forsyth County,Census Tract 1305.10,127500,25599
13117130601,Forsyth County,Census Tract 1306.01,90605,5694
13117130602,Forsyth County,Census Tract 1306.02,103170,6929
13117130603,Forsyth County,Census Tract 1306.03,143393,13804
13117130604,Forsyth County,Census Tract 1306.04,161375,18878
13117130605,Forsyth County,Census Tract 1306.05,128085,4197
13117130606,Forsyth County,Census Tract 1306.06,118147,7836
13117130607,Forsyth County,Census Tract 1306.07,136422,11238
13117130608,Forsyth County,Census Tract 1306.08,138893,20653
13117130609,Forsyth County,Census Tract 1306.09,140441,7841
13117130610,Forsyth County,Census Tract 1306.10,153958,18918
13117130611,Forsyth County,Census Tract 1306.11,149539,8890
13117130612,Forsyth County,Census Tract 1306.12,143625,16923
13117130613,Forsyth County,Census Tract 1306.13,102074,25946
13121000100,Fulton County,Census Tract 1,168396,18644
13121000200,Fulton County,Census Tract 2,158011,37856
13121000400,Fulton County,Census Tract 4,97257,30528
13121000500,Fulton County,Census Tract 5,90140,13217
13121000600,Fulton County,Census Tract 6,53686,9322
13121000700,Fulton County,Census Tract 7,84107,33365
13121001001,Fulton County,Census Tract 10.01,103846,10554
13121001002,Fulton County,Census Tract 10.02,31042,9051
13121001100,Fulton County,Census Tract 11,109426,7959
13121001201,Fulton County,Census Tract 12.01,80476,16521
13121001202,Fulton County,Census Tract 12.02,93143,10792
13121001300,Fulton County,Census Tract 13,76188,11395
13121001400,Fulton County,Census Tract 14,84167,8586
13121001500,Fulton County,Census Tract 15,66490,6927
13121001600,Fulton County,Census Tract 16,78182,25052
13121001700,Fulton County,Census Tract 17,94750,19507
13121001800,Fulton County,Census Tract 18,49486,5036
13121001900,Fulton County,Census Tract 19,62656,21061
13121002100,Fulton County,Census Tract 21,68618,25309
13121002300,Fulton County,Census Tract 23,26683,7261
13121002400,Fulton County,Census Tract 24,28056,9167
13121002500,Fulton County,Census Tract 25,30283,6291
13121002600,Fulton County,Census Tract 26,33611,7929
13121002800,Fulton County,Census Tract 28,33165,13713
13121002900,Fulton County,Census Tract 29,71210,13097
13121003000,Fulton County,Census Tract 30,113125,15951
13121003100,Fulton County,Census Tract 31,62250,21179
13121003200,Fulton County,Census Tract 32,111830,10292
13121003500,Fulton County,Census Tract 35,53889,14004
13121003600,Fulton County,Census Tract 36,53152,9688
13121003700,Fulton County,Census Tract 37,23684,22973
13121003800,Fulton County,Census Tract 38,20625,2261
13121003900,Fulton County,Census Tract 39,33000,7751
13121004000,Fulton County,Census Tract 40,32417,3836
13121004100,Fulton County,Census Tract 41,54208,14881
13121004200,Fulton County,Census Tract 42,18913,7776
13121004300,Fulton County,Census Tract 43,36750,19771
13121004400,Fulton County,Census Tract 44,23587,5417
13121004800,Fulton County,Census Tract 48,19612,4574
13121004900,Fulton County,Census Tract 49,84655,25401
13121005000,Fulton County,Census Tract 50,75570,8334
13121005200,Fulton County,Census Tract 52,111759,26398
13121005300,Fulton County,Census Tract 53,102303,15988
13121005501,Fulton County,Census Tract 55.01,37647,10422
13121005502,Fulton County,Census Tract 55.02,21804,7466
13121005700,Fulton County,Census Tract 57,25170,9232
13121005800,Fulton County,Census Tract 58,42679,16189
13121006000,Fulton County,Census Tract 60,38708,6010
13121006100,Fulton County,Census Tract 61,29323,7825
13121006200,Fulton County,Census Tract 62,37500,9862
13121006300,Fulton County,Census Tract 63,31483,5419
13121006400,Fulton County,Census Tract 64,30395,12631
13121006500,Fulton County,Census Tract 65,50163,18386
13121006601,Fulton County,Census Tract 66.01,44250,13380
13121006602,Fulton County,Census Tract 66.02,25375,9725
13121006700,Fulton County,Census Tract 67,25651,3355
13121006801,Fulton County,Census Tract 68.01,NA,NA
13121006802,Fulton County,Census Tract 68.02,14375,3462
13121006900,Fulton County,Census Tract 69,73429,16925
13121007001,Fulton County,Census Tract 70.01,29528,7083
13121007002,Fulton County,Census Tract 70.02,45451,11842
13121007100,Fulton County,Census Tract 71,25489,7197
13121007200,Fulton County,Census Tract 72,27083,11520
13121007300,Fulton County,Census Tract 73,32044,5150
13121007400,Fulton County,Census Tract 74,19740,4441
13121007500,Fulton County,Census Tract 75,26205,6037
13121007602,Fulton County,Census Tract 76.02,32500,5264
13121007603,Fulton County,Census Tract 76.03,13456,1859
13121007604,Fulton County,Census Tract 76.04,21863,3775
13121007703,Fulton County,Census Tract 77.03,44452,8403
13121007704,Fulton County,Census Tract 77.04,35814,3688
13121007705,Fulton County,Census Tract 77.05,25906,3376
13121007706,Fulton County,Census Tract 77.06,45101,11629
13121007802,Fulton County,Census Tract 78.02,51388,7637
13121007805,Fulton County,Census Tract 78.05,31174,5355
13121007806,Fulton County,Census Tract 78.06,41529,9476
13121007807,Fulton County,Census Tract 78.07,24398,13106
13121007808,Fulton County,Census Tract 78.08,12485,1531
13121007900,Fulton County,Census Tract 79,61125,9654
13121008000,Fulton County,Census Tract 80,43854,7378
13121008101,Fulton County,Census Tract 81.01,44878,8374
13121008102,Fulton County,Census Tract 81.02,27119,6010
13121008201,Fulton County,Census Tract 82.01,38080,6372
13121008202,Fulton County,Census Tract 82.02,27093,4754
13121008301,Fulton County,Census Tract 83.01,25060,8358
13121008302,Fulton County,Census Tract 83.02,28318,5166
13121008400,Fulton County,Census Tract 84,24183,4702
13121008500,Fulton County,Census Tract 85,24890,5200
13121008601,Fulton County,Census Tract 86.01,22696,3511
13121008602,Fulton County,Census Tract 86.02,37708,2806
13121008700,Fulton County,Census Tract 87,33732,5735
13121008800,Fulton County,Census Tract 88,103385,16611
13121008902,Fulton County,Census Tract 89.02,72432,9763
13121008903,Fulton County,Census Tract 89.03,75978,2837
13121008904,Fulton County,Census Tract 89.04,85517,12012
13121009000,Fulton County,Census Tract 90,111146,18513
13121009101,Fulton County,Census Tract 91.01,79489,4861
13121009102,Fulton County,Census Tract 91.02,59444,35224
13121009200,Fulton County,Census Tract 92,71482,7243
13121009300,Fulton County,Census Tract 93,106128,30461
13121009402,Fulton County,Census Tract 94.02,75088,9360
13121009403,Fulton County,Census Tract 94.03,63269,11972
13121009404,Fulton County,Census Tract 94.04,81004,27370
13121009501,Fulton County,Census Tract 95.01,185521,44731
13121009502,Fulton County,Census Tract 95.02,86053,24545
13121009601,Fulton County,Census Tract 96.01,107386,16146
13121009602,Fulton County,Census Tract 96.02,102778,16294
13121009603,Fulton County,Census Tract 96.03,83243,15103
13121009700,Fulton County,Census Tract 97,208750,66170
13121009801,Fulton County,Census Tract 98.01,125375,57273
13121009802,Fulton County,Census Tract 98.02,165583,50208
13121009900,Fulton County,Census Tract 99,152500,26329
13121010001,Fulton County,Census Tract 100.01,108197,33166
13121010002,Fulton County,Census Tract 100.02,146182,34313
13121010106,Fulton County,Census Tract 101.06,81952,7802
13121010107,Fulton County,Census Tract 101.07,203636,54538
13121010108,Fulton County,Census Tract 101.08,126711,18908
13121010110,Fulton County,Census Tract 101.10,73727,11703
13121010113,Fulton County,Census Tract 101.13,61583,17192
13121010114,Fulton County,Census Tract 101.14,72450,8547
13121010115,Fulton County,Census Tract 101.15,127688,16493
13121010117,Fulton County,Census Tract 101.17,60731,5573
13121010118,Fulton County,Census Tract 101.18,55023,4597
13121010119,Fulton County,Census Tract 101.19,56402,12340
13121010120,Fulton County,Census Tract 101.20,77500,7597
13121010121,Fulton County,Census Tract 101.21,90451,10672
13121010122,Fulton County,Census Tract 101.22,90586,14002
13121010123,Fulton County,Census Tract 101.23,77969,7510
13121010204,Fulton County,Census Tract 102.04,171875,34092
13121010205,Fulton County,Census Tract 102.05,103828,14364
13121010206,Fulton County,Census Tract 102.06,192375,49707
13121010208,Fulton County,Census Tract 102.08,72022,13976
13121010209,Fulton County,Census Tract 102.09,61575,4008
13121010210,Fulton County,Census Tract 102.10,82212,8310
13121010211,Fulton County,Census Tract 102.11,142750,22560
13121010212,Fulton County,Census Tract 102.12,67350,9819
13121010301,Fulton County,Census Tract 103.01,75636,11371
13121010303,Fulton County,Census Tract 103.03,71457,7532
13121010304,Fulton County,Census Tract 103.04,80641,6193
13121010400,Fulton County,Census Tract 104,50980,6710
13121010507,Fulton County,Census Tract 105.07,43986,6241
13121010508,Fulton County,Census Tract 105.08,59474,16228
13121010510,Fulton County,Census Tract 105.10,48051,7091
13121010511,Fulton County,Census Tract 105.11,56719,9227
13121010512,Fulton County,Census Tract 105.12,40215,4806
13121010513,Fulton County,Census Tract 105.13,48344,6892
13121010514,Fulton County,Census Tract 105.14,66144,8515
13121010515,Fulton County,Census Tract 105.15,55883,9301
13121010516,Fulton County,Census Tract 105.16,59783,11035
13121010601,Fulton County,Census Tract 106.01,34508,9400
13121010603,Fulton County,Census Tract 106.03,34830,8153
13121010604,Fulton County,Census Tract 106.04,36044,4766
13121010800,Fulton County,Census Tract 108,44881,5604
13121011000,Fulton County,Census Tract 110,23546,9134
13121011100,Fulton County,Census Tract 111,60333,12100
13121011201,Fulton County,Census Tract 112.01,35670,7832
13121011202,Fulton County,Census Tract 112.02,44614,4454
13121011301,Fulton County,Census Tract 113.01,50893,6209
13121011303,Fulton County,Census Tract 113.03,45942,4865
13121011305,Fulton County,Census Tract 113.05,36707,4971
13121011306,Fulton County,Census Tract 113.06,33587,7918
13121011405,Fulton County,Census Tract 114.05,85081,17550
13121011410,Fulton County,Census Tract 114.10,117157,24995
13121011411,Fulton County,Census Tract 114.11,85114,29651
13121011412,Fulton County,Census Tract 114.12,91222,10971
13121011414,Fulton County,Census Tract 114.14,80389,10390
13121011416,Fulton County,Census Tract 114.16,109417,4057
13121011417,Fulton County,Census Tract 114.17,96635,13100
13121011418,Fulton County,Census Tract 114.18,160820,7308
13121011419,Fulton County,Census Tract 114.19,124358,14715
13121011420,Fulton County,Census Tract 114.20,48988,5102
13121011421,Fulton County,Census Tract 114.21,50326,5503
13121011422,Fulton County,Census Tract 114.22,70833,18007
13121011423,Fulton County,Census Tract 114.23,128085,10382
13121011424,Fulton County,Census Tract 114.24,95410,19472
13121011425,Fulton County,Census Tract 114.25,162672,21301
13121011426,Fulton County,Census Tract 114.26,126375,34217
13121011427,Fulton County,Census Tract 114.27,126452,9193
13121011503,Fulton County,Census Tract 115.03,168750,20056
13121011504,Fulton County,Census Tract 115.04,236149,28181
13121011505,Fulton County,Census Tract 115.05,166938,16557
13121011506,Fulton County,Census Tract 115.06,165266,14521
13121011610,Fulton County,Census Tract 116.10,114464,12344
13121011611,Fulton County,Census Tract 116.11,68620,7250
13121011612,Fulton County,Census Tract 116.12,150901,25872
13121011613,Fulton County,Census Tract 116.13,110066,13492
13121011614,Fulton County,Census Tract 116.14,74184,7169
13121011615,Fulton County,Census Tract 116.15,161263,11948
13121011616,Fulton County,Census Tract 116.16,104176,10315
13121011617,Fulton County,Census Tract 116.17,144125,30367
13121011618,Fulton County,Census Tract 116.18,122857,22167
13121011619,Fulton County,Census Tract 116.19,93750,5251
13121011620,Fulton County,Census Tract 116.20,141513,12508
13121011621,Fulton County,Census Tract 116.21,157692,29276
13121011622,Fulton County,Census Tract 116.22,149583,17466
13121011623,Fulton County,Census Tract 116.23,121389,9065
13121011624,Fulton County,Census Tract 116.24,196016,16021
13121011625,Fulton County,Census Tract 116.25,122361,17180
13121011626,Fulton County,Census Tract 116.26,102699,14403
13121011800,Fulton County,Census Tract 118,30972,14529
13121011900,Fulton County,Census Tract 119,25699,8747
13121012000,Fulton County,Census Tract 120,27188,8303
13121012300,Fulton County,Census Tract 123,52188,37882
13121980000,Fulton County,Census Tract 9800,NA,NA
13135050103,Gwinnett County,Census Tract 501.03,80772,5324
13135050105,Gwinnett County,Census Tract 501.05,53785,8954
13135050106,Gwinnett County,Census Tract 501.06,66351,11042
13135050107,Gwinnett County,Census Tract 501.07,102874,5492
13135050108,Gwinnett County,Census Tract 501.08,129112,14804
13135050109,Gwinnett County,Census Tract 501.09,70771,10997
13135050205,Gwinnett County,Census Tract 502.05,67652,12823
13135050208,Gwinnett County,Census Tract 502.08,65292,6259
13135050209,Gwinnett County,Census Tract 502.09,53272,5163
13135050210,Gwinnett County,Census Tract 502.10,78525,13038
13135050211,Gwinnett County,Census Tract 502.11,44870,6855
13135050212,Gwinnett County,Census Tract 502.12,139097,12805
13135050213,Gwinnett County,Census Tract 502.13,113591,12700
13135050214,Gwinnett County,Census Tract 502.14,92990,16579
13135050215,Gwinnett County,Census Tract 502.15,64306,5776
13135050216,Gwinnett County,Census Tract 502.16,83193,10995
13135050217,Gwinnett County,Census Tract 502.17,91451,19439
13135050218,Gwinnett County,Census Tract 502.18,68529,14231
13135050219,Gwinnett County,Census Tract 502.19,67188,15214
13135050220,Gwinnett County,Census Tract 502.20,57845,12013
13135050304,Gwinnett County,Census Tract 503.04,43917,4834
13135050306,Gwinnett County,Census Tract 503.06,47011,10801
13135050308,Gwinnett County,Census Tract 503.08,151875,27464
13135050309,Gwinnett County,Census Tract 503.09,108786,11287
13135050310,Gwinnett County,Census Tract 503.10,70102,16221
13135050311,Gwinnett County,Census Tract 503.11,104302,8495
13135050313,Gwinnett County,Census Tract 503.13,51794,8679
13135050314,Gwinnett County,Census Tract 503.14,49054,8027
13135050315,Gwinnett County,Census Tract 503.15,53693,4532
13135050317,Gwinnett County,Census Tract 503.17,41711,6185
13135050318,Gwinnett County,Census Tract 503.18,47321,7743
13135050319,Gwinnett County,Census Tract 503.19,43355,9903
13135050320,Gwinnett County,Census Tract 503.20,42500,7281
13135050321,Gwinnett County,Census Tract 503.21,143875,19938
13135050322,Gwinnett County,Census Tract 503.22,151364,14372
13135050410,Gwinnett County,Census Tract 504.10,53415,8767
13135050415,Gwinnett County,Census Tract 504.15,75036,11325
13135050416,Gwinnett County,Census Tract 504.16,67833,14641
13135050417,Gwinnett County,Census Tract 504.17,35882,3510
13135050418,Gwinnett County,Census Tract 504.18,37970,8758
13135050419,Gwinnett County,Census Tract 504.19,51930,11367
13135050421,Gwinnett County,Census Tract 504.21,50511,9121
13135050422,Gwinnett County,Census Tract 504.22,39133,5165
13135050423,Gwinnett County,Census Tract 504.23,58067,5895
13135050424,Gwinnett County,Census Tract 504.24,47539,7869
13135050425,Gwinnett County,Census Tract 504.25,102500,20355
13135050426,Gwinnett County,Census Tract 504.26,80320,5719
13135050427,Gwinnett County,Census Tract 504.27,84151,8671
13135050428,Gwinnett County,Census Tract 504.28,94792,20060
13135050429,Gwinnett County,Census Tract 504.29,104697,12711
13135050430,Gwinnett County,Census Tract 504.30,72937,9769
13135050431,Gwinnett County,Census Tract 504.31,45816,9643
13135050432,Gwinnett County,Census Tract 504.32,61027,4758
13135050433,Gwinnett County,Census Tract 504.33,46675,4725
13135050434,Gwinnett County,Census Tract 504.34,47747,6209
13135050435,Gwinnett County,Census Tract 504.35,55438,7800
13135050436,Gwinnett County,Census Tract 504.36,47200,8508
13135050511,Gwinnett County,Census Tract 505.11,65399,15413
13135050520,Gwinnett County,Census Tract 505.20,41512,16533
13135050521,Gwinnett County,Census Tract 505.21,58897,13593
13135050522,Gwinnett County,Census Tract 505.22,34704,13100
13135050523,Gwinnett County,Census Tract 505.23,60363,7156
13135050524,Gwinnett County,Census Tract 505.24,53594,8422
13135050525,Gwinnett County,Census Tract 505.25,89475,18283
13135050526,Gwinnett County,Census Tract 505.26,41696,5384
13135050527,Gwinnett County,Census Tract 505.27,88662,7268
13135050528,Gwinnett County,Census Tract 505.28,103423,7263
13135050529,Gwinnett County,Census Tract 505.29,67361,17664
13135050530,Gwinnett County,Census Tract 505.30,95072,8680
13135050531,Gwinnett County,Census Tract 505.31,62075,6688
13135050532,Gwinnett County,Census Tract 505.32,67769,12874
13135050533,Gwinnett County,Census Tract 505.33,57518,15302
13135050534,Gwinnett County,Census Tract 505.34,69268,7224
13135050535,Gwinnett County,Census Tract 505.35,60948,9312
13135050536,Gwinnett County,Census Tract 505.36,57426,6362
13135050537,Gwinnett County,Census Tract 505.37,42513,8349
13135050538,Gwinnett County,Census Tract 505.38,85862,20835
13135050539,Gwinnett County,Census Tract 505.39,45729,9542
13135050540,Gwinnett County,Census Tract 505.40,70506,17422
13135050541,Gwinnett County,Census Tract 505.41,40551,5784
13135050542,Gwinnett County,Census Tract 505.42,52640,10591
13135050543,Gwinnett County,Census Tract 505.43,66901,16336
13135050544,Gwinnett County,Census Tract 505.44,85293,11359
13135050545,Gwinnett County,Census Tract 505.45,65249,8973
13135050546,Gwinnett County,Census Tract 505.46,75927,7798
13135050547,Gwinnett County,Census Tract 505.47,77736,9051
13135050548,Gwinnett County,Census Tract 505.48,85682,10568
13135050549,Gwinnett County,Census Tract 505.49,80490,11095
13135050605,Gwinnett County,Census Tract 506.05,84466,10062
13135050606,Gwinnett County,Census Tract 506.06,90338,13508
13135050607,Gwinnett County,Census Tract 506.07,95308,8446
13135050608,Gwinnett County,Census Tract 506.08,90029,12025
13135050609,Gwinnett County,Census Tract 506.09,98038,12845
13135050610,Gwinnett County,Census Tract 506.10,118623,11097
13135050709,Gwinnett County,Census Tract 507.09,64571,7661
13135050712,Gwinnett County,Census Tract 507.12,98886,13924
13135050713,Gwinnett County,Census Tract 507.13,106287,9557
13135050714,Gwinnett County,Census Tract 507.14,89444,11871
13135050715,Gwinnett County,Census Tract 507.15,79971,17154
13135050718,Gwinnett County,Census Tract 507.18,97043,15209
13135050719,Gwinnett County,Census Tract 507.19,53875,5183
13135050720,Gwinnett County,Census Tract 507.20,70899,8818
13135050721,Gwinnett County,Census Tract 507.21,75042,11679
13135050722,Gwinnett County,Census Tract 507.22,64496,9057
13135050723,Gwinnett County,Census Tract 507.23,86563,19700
13135050724,Gwinnett County,Census Tract 507.24,86588,6248
13135050725,Gwinnett County,Census Tract 507.25,67525,5176
13135050726,Gwinnett County,Census Tract 507.26,69422,6653
13135050727,Gwinnett County,Census Tract 507.27,99072,8365
13135050728,Gwinnett County,Census Tract 507.28,94167,11608
13135050729,Gwinnett County,Census Tract 507.29,64152,10035
13135050730,Gwinnett County,Census Tract 507.30,70779,10216
13135050731,Gwinnett County,Census Tract 507.31,65704,5684
13151070104,Henry County,Census Tract 701.04,67665,4977
13151070106,Henry County,Census Tract 701.06,58134,9313
13151070107,Henry County,Census Tract 701.07,69966,18052
13151070108,Henry County,Census Tract 701.08,67159,7793
13151070109,Henry County,Census Tract 701.09,70174,13729
13151070110,Henry County,Census Tract 701.10,82901,9604
13151070111,Henry County,Census Tract 701.11,52259,5884
13151070113,Henry County,Census Tract 701.13,47566,9810
13151070114,Henry County,Census Tract 701.14,48986,4947
13151070202,Henry County,Census Tract 702.02,102759,17526
13151070203,Henry County,Census Tract 702.03,104632,14143
13151070204,Henry County,Census Tract 702.04,88135,9057
13151070205,Henry County,Census Tract 702.05,72316,14893
13151070304,Henry County,Census Tract 703.04,48983,11396
13151070305,Henry County,Census Tract 703.05,94963,7877
13151070306,Henry County,Census Tract 703.06,71927,6602
13151070307,Henry County,Census Tract 703.07,78520,8209
13151070309,Henry County,Census Tract 703.09,96082,9349
13151070310,Henry County,Census Tract 703.10,92083,9097
13151070311,Henry County,Census Tract 703.11,48146,8415
13151070402,Henry County,Census Tract 704.02,79688,5922
13151070403,Henry County,Census Tract 704.03,62479,11535
13151070404,Henry County,Census Tract 704.04,64528,8632
13151070501,Henry County,Census Tract 705.01,63170,21335
13151070502,Henry County,Census Tract 705.02,77692,5942
